{"AT": {"name": "Austria", "population": 8689871, "volume": 10566391550.046383, "pearsonr": 0.8774258992909479, "spearmanr": 0.8850834204682283}, "BE": {"name": "Belgium", "population": 11263059, "volume": 14225655401.020424, "pearsonr": 0.8140348911801697, "spearmanr": 0.8269192735926835}, "BG": {"name": "Bulgaria", "population": 6480453, "volume": 4487814820.444553, "pearsonr": 0.8034853391050016, "spearmanr": 0.8169586283951005}, "HR": {"name": "Croatia", "population": 3696866, "volume": 3476960105.8434057, "pearsonr": 0.8741195600949206, "spearmanr": 0.8881217567321116}, "CY": {"name": "Cyprus", "population": 906411, "volume": 647201963.1546266, "pearsonr": 0.8006881043021898, "spearmanr": 0.8082131596175492}, "CZ": {"name": "Czech Republic", "population": 10682112, "volume": 11131299066.683685, "pearsonr": 0.8414541324642896, "spearmanr": 0.856703351407259}, "DK": {"name": "Denmark", "population": 5702713, "volume": 11387534021.200842, "pearsonr": 0.8167064352605902, "spearmanr": 0.7678698419652199}, "EE": {"name": "Estonia", "population": 1304972, "volume": 3509828903.881958, "pearsonr": 0.6935743538760649, "spearmanr": 0.6413513354463055}, "FI": {"name": "Finland", "population": 5143765, "volume": 20407049978.752533, "pearsonr": 0.7349189562536533, "spearmanr": 0.69404537038206}, "FR": {"name": "France", "population": 63319628, "volume": 63943554011.29567, "pearsonr": 0.8129844922815211, "spearmanr": 0.8152518443162599}, "DE": {"name": "Germany", "population": 81438392, "volume": 92219453398.8222, "pearsonr": 0.8465066756346838, "spearmanr": 0.8520217779589668}, "EL": {"name": "Greece", "population": 10096592, "volume": 6331089248.066985, "pearsonr": 0.8216929772838889, "spearmanr": 0.8217748862379085}, "HU": {"name": "Hungary", "population": 9444829, "volume": 8498055907.716856, "pearsonr": 0.7805585665375123, "spearmanr": 0.8303799816081282}, "IE": {"name": "Ireland", "population": 4542685, "volume": 5578579129.17562, "pearsonr": 0.7841515092172893, "spearmanr": 0.7614646758931383}, "IT": {"name": "Italy", "population": 55327231, "volume": 54828695205.69086, "pearsonr": 0.8242657086198795, "spearmanr": 0.8377696806037702}, "LV": {"name": "Latvia", "population": 1816523, "volume": 3027734109.4096875, "pearsonr": 0.7182513869482167, "spearmanr": 0.6669726247635429}, "LT": {"name": "Lithuania", "population": 2802558, "volume": 4490038159.972885, "pearsonr": 0.7889131156653093, "spearmanr": 0.7554422620314587}, "LU": {"name": "Luxembourg", "population": 717946, "volume": 726880517.1634443, "pearsonr": 0.7719758720027419, "spearmanr": 0.8073707211977617}, "MT": {"name": "Malta", "population": 27455, "volume": 21027731.06215092, "pearsonr": 0.7963858096238033, "spearmanr": 0.7426638625875261}, "NL": {"name": "Netherlands", "population": 17735933, "volume": 22186104847.724506, "pearsonr": 0.7980125843701099, "spearmanr": 0.8016829596411822}, "PL": {"name": "Poland", "population": 36206689, "volume": 33842207872.802807, "pearsonr": 0.8614575827742879, "spearmanr": 0.8738164977418427}, "PT": {"name": "Portugal", "population": 10145002, "volume": 9208367038.234463, "pearsonr": 0.8785750447593317, "spearmanr": 0.8951607189167203}, "RO": {"name": "Romania", "population": 18759452, "volume": 12636540448.628145, "pearsonr": 0.7859430169637349, "spearmanr": 0.8222477991185172}, "SK": {"name": "Slovakia", "population": 5640256, "volume": 4614309678.577888, "pearsonr": 0.7809907359107384, "spearmanr": 0.831377624926042}, "SI": {"name": "Slovenia", "population": 2218883, "volume": 2317584040.323003, "pearsonr": 0.8885588580431371, "spearmanr": 0.9055071536177224}, "ES": {"name": "Spain", "population": 41703369, "volume": 32322117858.19379, "pearsonr": 0.7824071092914265, "spearmanr": 0.7870269109857931}, "SE": {"name": "Sweden", "population": 10181715, "volume": 21992110982.106094, "pearsonr": 0.7983923477402132, "spearmanr": 0.7797380306191455}, "total": {"name": "total", "population": 440503901, "volume": 477393295852.992, "pearsonr": 0.7939261606242287, "spearmanr": 0.7952764706700688}}